0,@hio_jansen
1,@mohamediesque
2,@victoria_rosarioo
3,@ryan_serrat
4,@deh_hungaro
5,@poetry_40
6,@qhanna
7,@giubarte
8,@jacsiane.p
9,@ronaldooliveiragregorio
10,@eugrahribeiro
11,@ant1fas
12,@grindingreaction
13,@thais.cblanger
14,@thaixklein
15,@jefertalan
16,@lil_kira777
17,@olep.art
18,@93pedrobravo
19,@aanajwds
20,@larinhaabarbieri
21,@vmitui
22,@bia_garciaty
23,@geem.ufabc
24,@brian._.dorothy
25,@oficinadegraffiti
26,@mf_mayara
27,@pplcdn
28,@gabiialexandrinooo
29,@pepitapeppi
30,@ovossauro
31,@klock0
32,@blue_boy.mr
33,@julianacarvalhocr
34,@valsimonz
35,@coletivociros
36,@saraupoetasdasruas
37,@fwleivas
38,@lucasboiago_
39,@jonatasvizotto
40,@eumadumoreira_
41,@ademir.jr007
42,@mi_gonzatti
43,@neoliberaisbr
44,@neumannnatalia
45,@hellenprd
46,@duda.stern
47,@geografiaunioeste
48,@rapha.3lla
49,@jardim_bistro
50,@tashiro_camis
51,@dhandreanarok
52,@heloisamorgan
53,@mistura_mistica
54,@prochnowigor
55,@neidejurema
56,@jocimarkoch
57,@modematicritica
58,@dayanalunkes
59,@luanasossmeier
60,@ateliercientifico
61,@venus_bemestar
62,@danielfrancelinoribeiro
63,@gossipwithais
64,@amanda.dmkruger
65,@laboratorio.ensinoufpr
66,@victorsantos_1110
67,@microlandia_unila
68,@srta.nlrosa
69,@ellndsm
70,@amandaavers0
71,@tendenciasecm
72,@prof.maribolake
73,@vanessamohrfulber
74,@v.melo_lucas
75,@leo.fferrari
76,@s4ilorb0ys
77,@babiritter
78,@m4piloneto
79,@spottedufprpalotina
80,@_eduardarossato
81,@laetitia.daneluk
82,@izahmaria
83,@izamess
84,@whoisbeh
85,@evesolus
86,@_marianaaraujoc
87,@fundamentae
88,@eroszolet
89,@caroll.dalmoro
90,@rodolfopaleoart
91,@gustav.sza
92,@melodyadorkable
93,@anafbonfim
94,@cecilia.de.oliveira
95,@mareadaa_
96,@ricardi_w
97,@luana.gilv
98,@olepmac
99,@itsabouttiago
100,@alexandremaehler
101,@cortexskate
102,@rebecabcz
103,@christiannmarrane
104,@latexforscientists
105,@thay.schein
106,@an4zclara
107,@karolwessler
108,@danielm4chado
109,@artedumello
110,@caiuandre
111,@solidsilk_decor
112,@giuforace
113,@studio_jardim_das_americas
114,@uapspalotina
115,@isamara_db
116,@may_tochetto
117,@camilatres
118,@theusnunis
119,@michael_washington123
120,@futuretechofc
121,@cascavelconveniencia
122,@podzzero
123,@thiagopsalves
124,@bucapets
125,@_lscosta
126,@flaviaperesnunes
127,@mariisv
128,@nandoobolette_tattoo
129,@breshopcascavel
130,@sspretzelx
131,@franciele.goncalves.351
132,@canhotamercearia
133,@aninhafofaoliveira2010
134,@organicopalotina
135,@clinicaprotheus
136,@ruangomesilva
137,@aj.gsantos
138,@mindspalotina
139,@nteufprpalotina
140,@luowsiany
141,@delicie.sandra
142,@yuri_lutinski
143,@amandafauthh
144,@baapontes
145,@cheetos.enter
146,@anacarolinavrc
147,@meidi_shehu12
148,@contraforte_arquitetura
149,@sexshoponlinecascavel
150,@anaclarafofa20102
151,@linguagem.r
152,@rcoelho56
153,@hadassaviagenshv
154,@conservatorio_carlos_gomes
155,@todetrancas_mgarcia
156,@bernardo_bogado_
157,@licae.ufv
158,@joaovcanabarro
159,@ana.paulamachado
160,@flyawayschool
161,@eduarda_souza00
162,@dap_web
163,@abruxa_cientista
164,@radio_cultura.ofc
165,@soniadalmirdeoliv
166,@gabresalvador
167,@vitunator
168,@alan_marfor
169,@tintimopora
170,@gabrielkatiuck
171,@kawmantes
172,@benetaoangelo
173,@gabriel.sa.vv
174,@soollar__
175,@maissa_medeiros
176,@b.reserva.n
177,@immnotjoao
178,@lustywlk
179,@refugiodascurucacas
180,@amoraesophiecontini
181,@eneprim2021
182,@brunnadoamaral
183,@matheus.ribaski
184,@lurassa_santos27
185,@_pohaduzaum
186,@alicieconfeitaria
187,@ferreira_felipe_s
188,@wapichanacunha
189,@enzohipolito_
190,@ganzert_viivi
191,@josec.v.m
192,@luispruzak
193,@nlgag
194,@robson.simplicio.9
195,@olucaprado
196,@superombu
197,@carolitadonaonca
198,@_ixtella
199,@receiosobscuros
200,@luvieiraphotos
201,@bestburger20
202,@izabelafchaves
203,@lauraf_porto
204,@brucsantoss
205,@thaynagimenes
206,@eureka_artes
207,@amorquevemdoterra
208,@joao_continis2
209,@zenaideoliveira62
210,@petpaideia
211,@prof_baleia
212,@mirianescussiatto
213,@anepiercer
214,@pedro.dos.anjos_
215,@arianejorge
216,@billetedy
217,@thaleesar
218,@dportocouros
219,@kau_soaresz
220,@gabrielrs.png
221,@rosangelaorquideassis
222,@kreeituss
223,@kat_ferrarine
224,@ericafaccin
225,@marcopologuimaraes
226,@filosofiaaserio
227,@kx._.xh
228,@engenheirosdacomputacao
229,@cursinho_prevec
230,@caeenufprpalotina
231,@papoenergeticoufpr
232,@ana.carolcamargo
233,@ilustraisabela
234,@isaacdeia
235,@acruxtech
236,@labev.ufpr
237,@eddyoliveira1461
238,@wbmusicalstore
239,@valiared
240,@anna.esanchez
241,@aovinho_draws
242,@aovinh0
243,@bruna_stuany
244,@joaovmartinelli
245,@v_c_make_love
246,@luizanunes5
247,@agathinhaa_
248,@mouraathais
249,@peixenardo
250,@luhmallmann
251,@predosouza
252,@rafasgaspar
253,@meninoelobo
254,@viniciushilario3100
255,@itsaboutmorbach
256,@universitarioprauniversitario
257,@gianecendron
258,@asboscheroli
259,@enriquesoratto
260,@rodrigocanta
261,@wc_produ
262,@mc.ellysan
263,@marigrow
264,@pamela.faccin
265,@baquino21
266,@geaflor_
267,@izadiezner
268,@alexandre_lpereira
269,@anac_mms
270,@marialuisa.dl
271,@crystaluna.arts
272,@jujuba_divulgay
273,@raissa.bandeiradaluz
274,@beautiful_g1rl_
275,@brunafelixz
276,@zymaking
277,@thaisrannov
278,@jv_matoso
279,@bielfracaro
280,@gicaangela
281,@lucasboschetto
282,@vertebbl5
283,@nubiagoehlen
284,@marciasmenezes_
285,@bigasgui
286,@patrick.do.cordaco
287,@udoorossi
288,@deadmircesar
289,@faryniukzou
290,@vet.liz_trada
291,@andrielitochetto
292,@admircesarde
293,@kombucha.naturalles
294,@ufprpalotina.dce
295,@cami_pandini
296,@caroldelai
297,@alternativaterrazul
298,@eduardatomin
299,@consciousnextt
300,@fotografiaufprpalotina
301,@zooevo
302,@cristo_rei_ccr
303,@nenamanena
304,@josielli_chaves
305,@douglasmarxx
306,@jhbachega
307,@victorialion_
308,@daiakatchor
309,@buss.ana
310,@euandresilvaa
311,@restaurante_orienteexpress
312,@lisamenon
313,@cacbioufpr
314,@omixdata
315,@trabalhe_pouco_ganhe_muito_
316,@mindrocker_joe
317,@gatosinha007
318,@_dionioliveira
319,@princesa_maya06
320,@elaine_feyh
321,@g.filippini
322,@o.posta.bosta
323,@isacrela
324,@rosa_lucasrosa
325,@dayasidor
326,@leofresatto
327,@euprovavelmentenaogostodevoce
328,@beringfroes
329,@allefile75
330,@brenohzz
331,@shark.ig.daily
332,@gabimfilippini
333,@nathan.mribeiro
334,@rebollida_art
335,@sculptor_kanis
336,@mateusedi
337,@lago_nessie
338,@george_mjr
339,@madeolivas
340,@hg_mah
341,@juliobucalao
342,@pingodgl
343,@naayoli
344,@brigadeirinhotop
345,@rz_zimmer
346,@pekena_kah
347,@maycoalexssandro
348,@nosvemosnobolo
349,@luceron_
350,@joel.psj
351,@_.kitsunny
352,@toni.de.oliveira
353,@talitahsds
354,@b.frata
355,@jv_susin
356,@ossuccisandro
357,@_maristelinha
358,@carol.schmitt
359,@katchane
360,@robsonantoniassi
361,@imdiill
362,@views.of.the.people
363,@rodrigoposser
364,@tedetardigrado
365,@monica_moralles
366,@hotelvalle_dincanto
367,@brenno_yasuda
368,@aanamakestore
369,@guh_bonafim
370,@ale_amm
371,@elaine.oliveira.k
372,@_soylari_
373,@santos.emanoelli
374,@ana_contini
375,@_claups
376,@d_olilustra
377,@miyaugustin
378,@onfashionbr
379,@joao_alberto.ak
380,@resquiciodalma
381,@patrick_lemes_buttura
382,@cebol_iori
383,@re_rose_
384,@lcsslv_
385,@hookahedrink
386,@hzcosmeticos
387,@androcklive
388,@dai_nippon.jp
389,@ivan_csantos_
390,@carolineklein
391,@hellendacostamartelli
392,@augusto.carniel
393,@_maalice.s
394,@gymfit_oficial
395,@joaovaldirvieirapereira
396,@bru_francisconi
397,@gabizinhagigi
398,@gabi.mdias
399,@rennan_iori
400,@vinimorais.d.m
401,@_yellowise_
402,@nikkomichelon
403,@henrique_hugen_
404,@loorenalps
405,@isabelamarcon_
406,@bolch3ve
407,@pedroandre_004
408,@kadu_frieds
409,@gabriel.melloo_
410,@marcelozenni
411,@romildoismil
412,@tefycaroloficial
413,@payemax
414,@brunaacamille_
415,@alecarnaval_
416,@mixkukki
417,@kgabyy91
418,@diaboli_rusty
419,@alelosmutantes
420,@nigallego
421,@lojapaguemenoscascavel
422,@sizinha.leticia
423,@allex_vinni
424,@4pagad0
425,@fab.contini
426,@grahribeiro
427,@cristeanac
428,@laragouveiaa
429,@jesuss_connect
430,@madu_bertaglia
431,@elianemoreiracorcino
432,@wellingtonfsz
433,@bruna.martelli
434,@josmjunior23
435,@chrisoli12
436,@howdareyoudevil
437,@bruh_sthefani
438,@antony_brno
439,@marcio._.fonseca
440,@hellenmartelli
441,@hdjdksndhdh
442,@carlakurz
443,@douglas_cortese
444,@bruna_severino
445,@matheusrottava
446,@thylemos
447,@anayaracastilho
